<?xml version="1.0" encoding="utf-8"?>
<install type="component" version="1.5.0">
<name>orderacc</name> 

<creationDate>2013 February</creationDate>
<author>igort</author> 
<authorEmail>support@lot-studio.ru</authorEmail> 
<authorUrl>http://lot-studio.ru</authorUrl> 
<copyright>Copyright (C) 2013 Igort</copyright> 
<license>GNU/GPL</license>

<version>1.0</version>

<description>
Компонент для joomla 'Органайзер'.
</description> <!-- Описания -->
 
<files folder="site">
<filename>index.html</filename>
<filename>orderacc.php</filename>
<filename>controller.php</filename>
<folder>views</folder>
<folder>models</folder>
<folder>css</folder>
</files>

<install>
<sql>
		<file driver="mysql" charset="utf8">install.sql</file>
		<file driver="mysql">install.sql</file>
		<file driver="mysqli" charset="utf8">install.sql</file>
		<file driver="mysqli">install.sql</file>
</sql>
</install>

<administration>
<menu>Органайзер</menu>
<files folder="admin">
<filename>index.html</filename>
<filename>install.sql</filename>
<folder>tables</folder>
</files>


</administration>

</install>